<?xml version="1.0" encoding="UTF-8"?>
<project-private xmlns="http://www.netbeans.org/ns/project-private/1">
    <editor-bookmarks xmlns="http://www.netbeans.org/ns/editor-bookmarks/2" lastBookmarkId="1">
        <file>
            <url>src/sudoku/Solve.java</url>
            <bookmark id="1">
                <name/>
                <line>0</line>
                <key/>
            </bookmark>
        </file>
    </editor-bookmarks>
    <open-files xmlns="http://www.netbeans.org/ns/projectui-open-files/2">
        <group>
            <file>file:/E:/sudoku/src/sudoku/Solve.java</file>
            <file>file:/E:/sudoku/src/sudoku/Check.java</file>
            <file>file:/E:/sudoku/src/sudoku/GUI.java</file>
            <file>file:/E:/sudoku/src/sudoku/scr1.java</file>
            <file>file:/E:/sudoku/src/sudoku/scr2.java</file>
            <file>file:/E:/sudoku/src/sudoku/Game.java</file>
            <file>file:/E:/sudoku/src/sudoku/PlayScreen.java</file>
            <file>file:/E:/sudoku/src/sudoku/LevelScreen.java</file>
            <file>file:/E:/sudoku/src/sudoku/Box_Thread.java</file>
            <file>file:/E:/sudoku/src/sudoku/makesure.java</file>
            <file>file:/E:/sudoku/src/sudoku/Row_Thread.java</file>
        </group>
    </open-files>
</project-private>
